321;"Отчеты о встречах";1
1341;"ПРАВОВЫЕ ВОПРОСЫ ПО БЛОКИРОВКЕ РЕСУРСА";1
4;"Мультфильмы";2
7;"Зарубежное кино";2
22;"Наше кино";2
23;"Обработка видео + аудио";2
33;"Аниме";2
93;"DVD Video";2
100;"Наше кино (DVD)";2
101;"Зарубежное кино (DVD)";2
124;"Арт-хаус и авторское кино";2
149;"Фильмографии (Авторское кино)";2
185;"Звуковые дорожки и Переводы";2
187;"Классика мирового кинематографа";2
208;"Отечественные мультфильмы";2
209;"Иностранные мультфильмы";2
212;"Сборники фильмов";2
254;"Зарубежные актёры и фильмы с их участием";2
281;"Манга";2
282;"OST (mp3 и другие lossy-форматы)";2
312;"Наше кино (HD Video)";2
313;"Зарубежное кино (HD Video)";2
352;"3D/Стерео Кино, Видео, TV и Спорт";2
376;"Авторские дебюты";2
404;"Покемоны";2
484;"Иностранные короткометражные мультфильмы";2
505;"Индийское кино";2
511;"Театр";2
514;"3D Спорт";2
521;"Иностранные мультфильмы (DVD)";2
539;"Отечественные полнометражные мультфильмы";2
549;"3D Кинофильмы";2
572;"Арт-хаус и авторское кино (DVD)";2
599;"Аниме (DVD)";2
656;"Бенефис. Мастера искусств отечественного Театра и Кино";2
709;"Документальные фильмы (Арт-хаус и авторское кино)";2
771;"Зарубежные режиссёры и их творчество";2
772;"Российские/советские режиссёры и их творчество";2
789;"Российские/советские актёры и фильмы с их участием";2
822;"Сборники мультфильмов";2
866;"Релизы";2
893;"Японские мультфильмы";2
905;"Классика мирового кинематографа (DVD Video)";2
921;"Мультсериалы";2
922;"Аватар";2
923;"Губка Боб Квадратные Штаны";2
924;"Симпсоны";2
925;"Том и Джерри";2
926;"Человек-Паук / Новые приключения Человека-паука";2
927;"Южный Парк / South Park";2
928;"Футурама / Futurama";2
930;"Мультфильмы (HD Video)";2
931;"Архив (Мультсериалы)";2
934;"Азиатские фильмы";2
941;"Кино СССР";2
1105;"Аниме (HD Video)";2
1165;"Трансформеры";2
1213;"3D Мультфильмы";2
1235;"Грайндхаус";2
1245;"Утиные истории / Duck Tales";2
1246;"Черепашки Мутанты Ниндзя / Teenage Mutant Ninja Turtles";2
1247;"Гриффины / Family guy";2
1248;"Для некондиционных раздач";2
1250;"Чип и Дейл / Chip And Dale";2
1386;"Обои, артбуки и др.";2
1387;"AMV и др. ролики";2
1388;"OST (lossless)";2
1389;"Аниме (основной подраздел)";2
1390;"Наруто";2
1391;"Аниме (плеерный подраздел)";2
1543;"Короткий метр (Арт-хаус и авторское кино)";2
1576;"Азиатские фильмы (DVD Video)";2
1577;"Анимация (Арт-хаус и авторское кино)";2
1642;"Гандам";2
1666;"Детские отечественные фильмы";2
1670;"Грайндхаус DVD и HD Video";2
1900;"Отечественные мультфильмы (DVD)";2
1991;"Скуби-ду / Scooby-Doo";2
2090;"Фильмы до 1990 года";2
2091;"Фильмы 2001-2005";2
2092;"Фильмы 2006-2010";2
2093;"Фильмы 2011-2015";2
2097;"3D Ролики, Музыкальное видео, Трейлеры к фильмам";2
2109;"3D Документальные фильмы";2
2198;"HD Video";2
2199;"Классика мирового кинематографа (HD Video)";2
2200;"Фильмы 2016-2017";2
2201;"Азиатские фильмы (HD Video)";2
2220;"Индийское кино DVD и HD Video";2
2221;"Фильмы 1991-2000";2
2258;"Иностранные короткометражные мультфильмы (DVD)";2
2339;"Арт-хаус и авторское кино (HD Video)";2
2343;"Мультфильмы (Анонсы HD Video)";2
2365;"Короткометражные мультфильмы (HD Video)";2
2459;"Короткий метр";2
2491;"Аниме (QC подраздел)";2
2540;"Фильмы Ближнего Зарубежья";2
2213;"Архив Rutracker Awards";4
2214;"Rutracker Awards (Раздачи)";4
408;"Рэп, Хип-Хоп, R'n'B";8
409;"Классическая и современная академическая музыка";8
413;"Музыка других жанров";8
416;"Саундтреки и Караоке";8
436;"Полные собрания сочинений и многодисковые издания (lossy)";8
441;"Отечественный Рэп, Хип-Хоп (lossy)";8
442;"Зарубежный Рэп, Хип-Хоп (Видео)";8
445;"Классическая музыка (Видео)";8
446;"Зарубежный Рэп, Хип-Хоп (lossy)";8
463;"Отечественная музыка других жанров (lossy)";8
464;"Отечественная музыка других жанров (lossless)";8
465;"Зарубежная музыка других жанров (lossless)";8
466;"Зарубежная музыка других жанров (lossy)";8
468;"Минусовки (lossy и lossless)";8
469;"Саундтреки к отечественным фильмам (lossy)";8
475;"Видео (Музыка других жанров)";8
506;"Фольклор, Народная и Этническая музыка";8
556;"Вокальная музыка (lossless)";8
557;"Оркестровая музыка (lossless)";8
558;"Камерная инструментальная музыка (lossless)";8
560;"Полные собрания сочинений и многодисковые издания (lossless)";8
655;"Мюзикл (Видео и DVD Video)";8
691;"Саундтреки к отечественным фильмам (lossless)";8
702;"Опера (Видео)";8
782;"Караоке (аудио)";8
783;"Саундтреки к играм (lossy)";8
784;"Саундтреки к играм (lossless)";8
785;"Саундтреки к зарубежным фильмам (lossy)";8
786;"Саундтреки к зарубежным фильмам (lossless)";8
793;"Сольная инструментальная музыка (lossless)";8
794;"Опера (lossless)";8
796;"Неофициальные саундтреки к фильмам и сериалам (lossy)";8
855;"Звуки природы";8
880;"Мюзикл (lossy и lossless)";8
909;"Зарубежный Рэп, Хип-Хоп (lossless)";8
919;"Ноты и Музыкальная литература";8
944;"Академическая музыка (Ноты и Media CD)";8
946;"Самоучители и Школы";8
965;"Неофициальные и внежанровые сборники (lossy)";8
969;"Классика в современной обработке, Classical Crossover (lossy и lossless)";8
977;"Песенники (Songbooks)";8
980;"Другие направления (Ноты, табулатуры)";8
983;"Опера (DVD и HD Видео)";8
984;"Классическая музыка (DVD и HD Видео)";8
988;"DVD Video (Музыка других жанров)";8
1107;"Рэп, Хип-Хоп, R'n'B (DVD Video)";8
1125;"Фольклор, Народная и Этническая музыка";8
1126;"NewAge & Meditative (lossy)";8
1127;"NewAge & Meditative (lossless)";8
1128;"Этническая музыка Сибири, Средней и Восточной Азии (lossy)";8
1129;"Этническая музыка Сибири, Средней и Восточной Азии (lossless)";8
1130;"Восточноевропейский фолк (lossy)";8
1131;"Восточноевропейский фолк (lossless)";8
1132;"Западноевропейский фолк (lossy)";8
1133;"Западноевропейский фолк (lossless)";8
1134;"Фламенко и акустическая гитара (lossy)";8
1135;"Фламенко и акустическая гитара (lossless)";8
1136;"Country, Bluegrass (lossy)";8
1137;"Country, Bluegrass (lossless)";8
1138;"Этническая музыка Австралии, Тихого и Индийского океанов (lossy и lossless)";8
1141;"Фольклор, Народная и Этническая музыка (Видео)";8
1142;"Фольклор, Народная и Этническая музыка (DVD Video)";8
1172;"Зарубежный R'n'B (lossy)";8
1173;"Отечественный R'n'B (lossy)";8
1174;"Зарубежный R'n'B (Видео)";8
1189;"Отечественный Рэп, Хип-Хоп (Видео)";8
1215;"Шансон, Авторская и Военная песня";8
1216;"Военная песня (lossless)";8
1220;"Отечественный шансон (lossless)";8
1221;"Отечественный шансон (lossy)";8
1223;"Военная песня (lossy)";8
1224;"Авторская песня (lossless)";8
1225;"Авторская песня (lossy)";8
1226;"Менестрели и ролевики (lossy и lossless)";8
1227;"Видео (Шансон и Авторская песня)";8
1228;"DVD Видео (Шансон и Авторская песня)";8
1282;"Этническая музыка Кавказа и Закавказья (lossy и lossless)";8
1283;"Этническая музыка Африки и Ближнего Востока (lossy)";8
1284;"Этническая музыка Северной и Южной Америки (lossy)";8
1285;"Этническая музыка Северной и Южной Америки (lossless)";8
1334;"Сборники отечественного шансона (lossy)";8
1351;"Сборники песен для детей (lossy и lossless)";8
1395;"Православные песнопения (lossless)";8
1396;"Православные песнопения (lossy)";8
1455;"Отечественный R'n'B (Видео)";8
1486;"Отечественный Рэп, Хип-Хоп, R'n'B (lossless)";8
1665;"Зарубежный R'n'B (lossless)";8
1764;"Rocksteady, Early Reggae, Ska-Jazz, Trad.Ska (lossy и lossless)";8
1765;"Reggae (lossy)";8
1766;"Punky-Reggae, Rocksteady-Punk, Ska Revival (lossy)";8
1767;"3rd Wave Ska (lossy)";8
1768;"Reggae, Dancehall, Dub (lossless)";8
1769;"Ska-Punk, Ska-Core (lossy)";8
1770;"Dancehall, Raggamuffin (lossy)";8
1771;"Dub (lossy)";8
1772;"Отечественный реггей, даб (lossy и lossless)";8
1773;"Отечественная ска-музыка (lossy и lossless)";8
1774;"Ska, Ska-Punk, Ska-Jazz (lossless)";8
1775;"Reggae, Ska, Dub (Видео)";8
1777;"Reggae, Ska, Dub (DVD и HD Video)";8
1849;"New Age, Relax, Meditative & Flamenco";8
1856;"Этническая музыка Индии (lossy)";8
1990;"Балет и современная хореография (Видео, DVD и HD Видео)";8
2018;"Музыка для бальных танцев (lossy и lossless)";8
2074;"Музыкальная литература и Теория";8
2084;"Klezmer и Еврейский фольклор (lossy и lossless)";8
2085;"Этническая музыка Африки и Ближнего Востока (lossless)";8
2233;"Reggae, Ska, Dub (компиляции) (lossy)";8
2307;"Хоровая музыка (lossless)";8
2308;"Концерт для инструмента с оркестром (lossless)";8
2309;"Вокальная и хоровая музыка (lossy)";8
2310;"Оркестровая музыка (lossy)";8
2311;"Камерная и сольная инструментальная музыка (lossy)";8
2331;"Неофициальные саундтреки к играм (lossy)";8
2349;"Музыкальные журналы";8
2351;"New Age, Relax, Meditative & Flamenco (DVD и HD Видео)";8
2352;"New Age, Relax, Meditative & Flamenco (Видео)";8
2377;"Караоке (видео)";8
2430;"Этническая музыка Индии (lossless)";8
2431;"Аранжировки музыки из игр (lossy и lossless)";8
2529;"Рэп, Хип-Хоп, R'n'B (HD Видео)";8
2530;"Фольклор, Народная и Этническая музыка (HD Видео)";8
633;"3D модели, сцены и материалы";9
828;"Материалы для мультимедиа и дизайна";9
829;"Прочие растровые клипарты";9
830;"Прочие векторные клипарты";9
831;"Рамки и виньетки для оформления фотографий";9
835;"Разное (Материалы для мультимедиа и дизайна)";9
839;"Материалы для создания меню и обложек DVD";9
890;"Официальные сборники векторных клипартов";9
1009;"Футажи";9
1010;"Звуковые эффекты";9
1011;"Шрифты";9
1012;"Операционные системы от Microsoft";9
1013;"Системные программы";9
1014;"Системы для бизнеса, офиса, научной и проектной работы";9
1016;"Программы для работы с мультимедиа и 3D";9
1018;"Шаблоны для сайтов и CMS";9
1019;"Настольные ОС от Microsoft (выпущенные до Windows XP)";9
1021;"Серверные ОС от Microsoft";9
1025;"Разное (Операционные системы от Microsoft)";9
1027;"Виртуальные инструменты и синтезаторы";9
1028;"Работа с жёстким диском";9
1029;"Резервное копирование";9
1030;"Архиваторы и файловые менеджеры";9
1031;"Программы для настройки и оптимизации ОС";9
1032;"Сервисное обслуживание компьютера";9
1033;"Работа с носителями информации";9
1034;"Информация и диагностика";9
1035;"ПО для защиты компьютера (Антивирусное ПО, Фаерволлы)";9
1038;"Анти-шпионы и анти-трояны";9
1039;"Программы для защиты информации";9
1040;"Серверное ПО для Windows";9
1041;"Изменение интерфейса ОС Windows";9
1042;"Разное (Системные программы под Windows)";9
1051;"Оригинальные диски к компьютерам и комплектующим";9
1052;"Веб-разработка и Программирование";9
1053;"WYSIWYG Редакторы для веб-диза";9
1054;"Текстовые редакторы с подсветкой";9
1055;"Среды программирования, компиляторы и вспомогательные программы";9
1056;"Компоненты для сред программирования";9
1057;"Скрипты и движки сайтов, CMS а также расширения к ним";9
1058;"Разное (Веб-разработка и программирование)";9
1059;"Архив (Системы для бизнеса, офиса, научной и проектной работы)";9
1060;"Всё для дома: кройка, шитьё, кулинария";9
1061;"Офисные системы";9
1062;"Системы для бизнеса";9
1063;"Системы для научной работы";9
1064;"Каталогизаторы и просмотрщики графики";9
1065;"Аудио- и видео-, CD- проигрыватели и каталогизаторы";9
1066;"Программы для интернет и сетей";9
1067;"Распознавание текста, звука и синтез речи";9
1068;"Словари, переводчики";9
1071;"Прочие справочные системы";9
1073;"Разное (Системы для бизнеса, офиса, научной и проектной работы)";9
1079;"Программные комплекты";9
1080;"Плагины для программ компании Adobe";9
1081;"Графические редакторы";9
1082;"Программы для верстки, печати и работы со шрифтами";9
1083;"3D моделирование, рендеринг и плагины для них";9
1084;"Анимация";9
1085;"Создание BD/HD/DVD-видео";9
1086;"Работа с PDF и DjVu";9
1087;"САПР (общие и машиностроительные)";9
1088;"Программы для архитекторов и строителей";9
1089;"Редакторы видео";9
1090;"Видео- Аудио- конверторы";9
1091;"Разное (Программы для работы со звуком)";9
1092;"Разное (Программы для работы с мультимедиа и 3D)";9
1192;"САПР (электроника, автоматика, ГАП)";9
1193;"Библиотеки и проекты для архитекторов и дизайнеров интерьеров";9
1195;"Тестовые диски для настройки аудио/видео аппаратуры";9
1199;"Плагины для обработки звука";9
1204;"Виртуальные студии, секвенсоры и аудиоредакторы";9
1290;"Photostoсks";9
1357;"Авторские работы";9
1376;"Linux, Unix и другие ОС";9
1379;"Операционные системы (Linux, Unix)";9
1381;"Программное обеспечение (Linux, Unix)";9
1473;"Другие ОС и ПО под них";9
1503;"ГИС, системы навигации и карты";9
1507;"ГИС (Геоинформационные системы)";9
1508;"Атласы и карты современные (после 1950 г.)";9
1509;"Атласы и карты старинные (до 1950 г.)";9
1510;"Карты прочие (астрономические, исторические, тематические)";9
1511;"Встроенная автомобильная навигация";9
1512;"Garmin";9
1513;"Ozi";9
1514;"TomTom";9
1515;"Navigon / Navitel";9
1516;"Igo";9
1517;"Разное - системы навигации и карты";9
1526;"Карты, снабженные программной оболочкой";9
1536;"Драйверы и прошивки";9
1636;"Скринсейверы";9
1674;"Библиотеки сэмплов";9
1679;"Стили, кисти, формы и узоры для Adobe Photoshop";9
1954;"Музыкальные библиотеки";9
1962;"Костюмы для фотомонтажа";9
1963;"Прочие сборники футажей";9
2077;"Системы управления базами данных";9
2153;"Настольные ОС от Microsoft (начиная с Windows XP)";9
2421;"Библиотеки и саундбанки для сэмплеров, пресеты для синтезаторов";9
2492;"Multitracks";9
610;"Видеоуроки и обучающие интерактивные DVD";10
614;"Образование";10
615;"Разное";10
617;"Ударные инструменты";10
677;"Танцы, разное";10
1254;"Учебные видео для детей";10
1255;"Охота";10
1257;"Бальные танцы";10
1258;"Танец живота";10
1259;"Бизнес, экономика и финансы";10
1260;"Психология";10
1261;"Фокусы и трюки";10
1479;"Рыболовство и подводная охота";10
1542;"Спорт";10
1544;"Фитнес - Разум и Тело";10
1545;"Экстрим";10
1546;"Бодибилдинг";10
1547;"Строительство, ремонт и дизайн";10
1548;"Дерево- и металлообработка";10
1549;"Оздоровительные практики";10
1550;"Уход за собой";10
1552;"Видео- и фотосъёмка";10
1553;"Рисование";10
1554;"Игра на гитаре";10
1555;"Другие музыкальные инструменты";10
1556;"Компьютерные видеоуроки и обучающие интерактивные DVD";10
1559;"Программы для Mac OS";10
1560;"Компьютерные сети и безопасность";10
1561;"ОС и серверные программы Microsoft";10
1562;"2D-графика";10
1563;"3D-графика";10
1564;"Web-дизайн";10
1565;"Программирование";10
1566;"Работа с видео";10
1567;"Разное (Компьютерные видеоуроки)";10
1568;"Кулинария";10
1570;"ОС и программы семейства UNIX";10
1573;"Работа со звуком";10
1585;"Работа с оружием";10
1586;"Русский стиль";10
1587;"Вин чун";10
1588;"Каратэ";10
1590;"Айкидо и айки-дзюцу";10
1591;"Дзюдо и самбо";10
1592;"Ушу";10
1593;"Ударные стили";10
1594;"Джиу-джитсу";10
1595;"Разное";10
1596;"Ножевой бой";10
1597;"Йога";10
1626;"Инженерные и научные программы";10
1653;"Офисные программы Microsoft";10
1654;"Adobe Photoshop";10
1655;"Autodesk Maya";10
1656;"Autodesk 3ds Max";10
1929;"Смешанные стили";10
1930;"Autodesk Softimage (XSI)";10
1931;"ZBrush";10
1932;"Flash, Flex и ActionScript";10
2017;"Игра на бас-гитаре";10
2065;"Беременность, роды, материнство";10
2078;"Рукопашный бой";10
2208;"Уличные и клубные танцы";10
2209;"Эзотерика, саморазвитие";10
2210;"Пикап, знакомства";10
2211;"Растения и животные";10
2335;"Фитнес - Кардио-Силовые Тренировки";10
10;"Разное";11
19;"Тестовый форум";11
147;"Публикации и учебные материалы (тексты)";11
148;"Аудио";11
630;"Обои";11
807;"Видео";11
808;"Любительские фотографии";11
847;"Трейлеры и дополнительные материалы к фильмам";11
848;"Картинки";11
865;"Психоактивные аудиопрограммы";11
1100;"Аватары, Иконки, Смайлы";11
1167;"Любительские видеоклипы";11
1643;"Живопись, Графика, Скульптура, Digital Art";11
1664;"Фото знаменитостей";11
9;"Русские сериалы";18
79;"Солдаты и пр.";18
80;"Моя прекрасная няня";18
81;"Остаться в Живых / LOST";18
84;"Друзья / Friends + Джоуи / Joey";18
85;"Вавилон 5 / Babylon 5";18
91;"Бандитский Петербург";18
104;"Тайны следствия";18
106;"Звёздные Врата: СГ1 / Stargate: SG1";18
110;"Секретные материалы / The X-Files";18
119;"Осторожно, Модерн!";18
121;"Твин пикс / Twin Peaks";18
123;"Убойная сила / Менты / Опера";18
134;"Эркюль Пуаро / Hercule Poirot";18
140;"Мастера Ужасов / Masters of Horror";18
166;"Звёздный крейсер Галактика / Battlestar Galactica; Каприка / Caprica";18
172;"Мент в законе";18
173;"Коломбо / Columbo";18
175;"След";18
181;"Морская полиция: Спецотдел; Лос-Анджелес; Новый Орлеан";18
184;"Баффи - Истребительница Вампиров / Buffy; Ангел / Angel";18
188;"Дарья Донцова";18
189;"Зарубежные сериалы";18
193;"Секс в большом городе / Sex And The City";18
194;"Блудливая Калифорния / Californication";18
195;"Для некондиционных раздач";18
196;"Санта Барбара / Santa Barbara";18
202;"Каменская";18
203;"Косяки / Weeds";18
235;"Сериалы США и Канады";18
236;"Звёздный путь / Star Trek";18
237;"Скользящие / Sliders";18
242;"Сериалы Великобритании и Ирландии";18
252;"Побег из тюрьмы / Prison Break";18
265;"Скорая помощь / ER";18
266;"Отчаянные домохозяйки / Desperate Housewives";18
271;"24 часа / 24";18
273;"Альф / ALF";18
310;"Кадетство / Кремлёвские курсанты";18
325;"Рабыня Изаура / Escrava Isaura";18
372;"Сверхъестественное / Supernatural";18
387;"Сериалы совместного производства нескольких стран";18
497;"Тайны Смолвиля / Smallville";18
504;"Клан Сопрано / The Sopranos";18
507;"Как Я Встретил Вашу Маму ; Теория Большого Взрыва";18
534;"Никто, кроме тебя / Tu o Nadie";18
536;"Клиника / Scrubs";18
594;"Мятежный дух / Rebelde Way";18
595;"Герои / Heroes";18
606;"Место преступления / CSI: Crime Scene Investigation";18
607;"Моя вторая мама / Mi segunda Madre";18
623;"За Гранью / Fringe";18
625;"Доктор Хаус / House M.D.";18
636;"Менталист / The Mentalist; Касл / Castle";18
694;"Тайны любви / Los Misterios del Amor";18
704;"Турецкие сериалы";18
717;"Китайские сериалы с субтитрами";18
718;"Клон / O Clone";18
721;"Итальянские сериалы";18
743;"Анатомия Грей / Grey's Anatomy; Частная Практика / Private Practice";18
775;"Наследница / La Heredera";18
776;"Мисс Марпл / Miss Marple";18
781;"Девушка по имени Судьба / Milagros";18
805;"Ментовские войны";18
812;"Паутина";18
815;"Просто Мария / Simplemente Maria";18
816;"Прожить жизнь / Viver a vida";18
819;"Скандинавские сериалы";18
820;"Доктор Кто / Doctor Who; Торчвуд / Torchwood";18
823;"Богатые тоже плачут / Los Ricos Tambien Lloran";18
825;"Дурнушка Бетти / Yo Soy Betty la Fea";18
842;"Новинки и сериалы в стадии показа";18
856;"Глухарь / Пятницкий / Карпов";18
860;"Итальянские сериалы";18
877;"Великолепный век / Muhtesem Yuzyil";18
904;"Предательство / La Traicion";18
907;"Лалола / Lalola";18
911;"Сериалы Латинской Америки, Турции и Индии";18
915;"Корейские сериалы с озвучкой";18
918;"Комиссар Рекс / Komissar Rex";18
920;"Кости / Bones";18
935;"Кодекс чести";18
972;"Во имя любви / Por Amor";18
990;"Гончие";18
992;"Морена Клара / Morena Clara";18
1006;"Вдова бланко / La Viuda de Blanco";18
1102;"Европейские сериалы";18
1117;"Спрут / La Piovra";18
1120;"Сериалы стран Африки, Ближнего и Среднего Востока";18
1144;"Возвращение Шерлока Холмса / Return of Sherlock Holmes";18
1171;"Викинги / Vikings";18
1214;"Сериалы Австралии и Новой Зеландии";18
1242;"Корейские сериалы с субтитрами";18
1243;"Крутой Уокер. Правосудие по-техасски / Walker, Texas Ranger";18
1288;"Декстер / Dexter";18
1298;"Дороги Индии / Caminho das &#205;ndias";18
1299;"Спрут / La Piovra";18
1300;"Дикий ангел / Muneca Brava";18
1301;"Индийские сериалы";18
1356;"Возвращение Мухтара";18
1359;"Веб-сериалы, Вебизоды к сериалам и Пилотные серии сериалов";18
1408;"Агент национальной безопасности";18
1417;"Во все тяжкие / Breaking Bad";18
1449;"Игра престолов / Game of Thrones";18
1457;"Реванш 2000 / Revanch 2000";18
1458;"Жестокий ангел / Anjo Mau";18
1459;"История Золушки (Красивая Неудачница) / Bella Calamidades";18
1460;"Призрак Элены / El Fantasma de Elena";18
1461;"Качорра / Kachorra";18
1462;"Падре Корахе / Padre Coraje";18
1463;"Замарашка / Cara Sucia";18
1493;"Актёры и актрисы латиноамериканских сериалов";18
1498;"Клятва / El Juramento";18
1499;"Она написала убийство / Murder, She Wrote; Перри Мейсон / Perry Mason";18
1500;"OST";18
1531;"Испанские сериалы";18
1535;"Адвокат";18
1537;"Для некондиционных раздач";18
1539;"Латиноамериканские сериалы с субтитрами";18
1540;"Совершенная красота / Beleza pura";18
1541;"Цыганская кровь / Soy gitano";18
1574;"Латиноамериканские сериалы с озвучкой (раздачи папками)";18
1605;"Два с половиной человека / Two and a Half Men";18
1606;"Жена Иуды (Вино любви) / La Mujer de Judas";18
1669;"Викинги / Vikings (HD Video)";18
1678;"Падший ангел / Mas Sabe el Diablo";18
1690;"Дневники вампира / The Vampire Diaries; Настоящая кровь / True Blood";18
1692;"Семейные узы / Lacos de Familia";18
1694;"Династия / Dynasty";18
1798;"Звёздные Врата: Атлантида; Вселенная / Stargate: Atlantis; Universe";18
1803;"Донья Барбара / Dona Barbara";18
1938;"Тайваньские сериалы с субтитрами";18
1939;"Японские сериалы с озвучкой";18
1940;"Официальные краткие версии Латиноамериканских сериалов";18
1941;"Шторм / La Tormenta";18
1949;"Фаворитка / A Favorita";18
2100;"Азиатские сериалы";18
2101;"Архив (азиатские сериалы)";18
2102;"VMV и др. ролики";18
2103;"OST";18
2104;"Японские сериалы с субтитрами";18
2366;"Зарубежные сериалы (HD Video)";18
2369;"Архив Зарубежные сериалы (HD Video)";18
2370;"За Гранью / Fringe (HD Video)";18
2390;"Два с половиной человека / Two and a Half Men (HD Video)";18
2391;"Декстер / Dexter (HD Video)";18
2392;"Друзья / Friends (HD Video)";18
2393;"Доктор Хаус / House M.D. (HD Video)";18
2394;"Звёздные Врата: СГ1 ; Атлантида ; Вселенная  (HD Video)";18
2395;"Звёздный путь / Star Trek (HD Video)";18
2396;"Как Я Встретил Вашу Маму; Теория Большого Взрыва (HD Video)";18
2397;"Кости / Bones (HD Video)";18
2398;"Косяки / Weeds (HD Video)";18
2399;"Менталист / The Mentalist; Касл / Castle (HD Video)";18
2400;"Место преступления / CSI: Crime Scene Investigation (HD Video)";18
2401;"Блудливая Калифорния / Californication (HD Video)";18
2402;"Остаться в Живых / LOST (HD Video)";18
2403;"Побег из тюрьмы / Prison Break (HD Video)";18
2404;"Сверхъестественное / Supernatural (HD Video)";18
2405;"Секретные материалы / The X-Files (HD Video)";18
2406;"Тайны Смолвиля / Smallville (HD Video)";18
2407;"Доктор Кто / Doctor Who; Торчвуд / Torchwood (HD Video)";18
2408;"Звёздный крейсер Галактика / Battlestar Galactica; Каприка / Caprica (HD Video)";18
2412;"Прочие азиатские сериалы с озвучкой";18
5;"Игры для Windows (раздачи)";19
50;"Horror";19
51;"Стратегии";19
52;"RPG";19
53;"Приключения и квесты";19
54;"Другие симуляторы";19
55;"Action";19
127;"Аркады";19
128;"Для самых маленьких";19
129;"Портативные и Консольные (Игры)";19
139;"Прочее для Windows-игр";19
240;"Игровое видео";19
246;"Эротические игры";19
278;"Шахматы";19
357;"PS2";19
510;"Xbox 360";19
546;"Игры для DVD плеера";19
548;"Игры для консолей";19
635;"Горячие Новинки";19
637;"Старые Игры";19
642;"Аркады (Старые игры)";19
643;"Приключения и квесты (Старые игры)";19
644;"Стратегии (Старые игры)";19
645;"Прочие симуляторы (Старые Игры)";19
646;"Action (Старые игры)";19
647;"RPG (Старые игры)";19
649;"Эротические игры (Старые игры)";19
650;"Для самых маленьких (Старые Игры)";19
700;"Видео для PSP";19
761;"Редакторы, эмуляторы и прочие игровые утилиты";19
773;"Wii";19
774;"NDS";19
886;"PS3";19
887;"Original Xbox";19
899;"Игры для Linux";19
900;"Аниме-игры";19
908;"PS";19
959;"Демо-версии и игры с ранним доступом";19
960;"Counter Strike Movies";19
961;"Космические и авиасимуляторы";19
962;"Автосимуляторы и гонки";19
968;"Dreamcast";19
973;"PSVITA";19
1008;"Квесты в стиле 'Поиск предметов'";19
1098;"Сборники Игр (Старые Игры)";19
1116;"Игры PS1 для PSP";19
1352;"PSP";19
1926;"Видео для PS3 и других консолей";19
1992;"Нативные игры для Linux";19
2012;"Самолеты, вертолеты (FSX-P3D)";19
2059;"Портированные игры для Linux";19
2060;"Сценарии (FSX-P3D)";19
2067;"Lineage II Movies";19
2115;"Онлайн Игры";19
2117;"World of Warcraft";19
2118;"ММО (Официальные)";19
2119;"ММО (Неофициальные)";19
2142;"Microsoft Flight Simulator и аддоны для него";19
2143;"Сценарии, меши и аэропорты [FS2004]";19
2145;"Самолеты и вертолеты [FS2004]";19
2146;"Миссии, трафик, звуки, паки и утилиты";19
2147;"World of Warcraft Movies";19
2155;"Lineage II";19
2179;"Дорамы для PSP";19
2180;"Мультфильмы для PSP";19
2181;"Сериалы для PSP";19
2182;"Фильмы для PSP";19
2185;"Видео для консолей";19
2186;"Аниме для PSP";19
2187;"Спортивные симуляторы";19
2203;"Файтинги";19
2204;"Логические игры";19
2225;"Спортивные симуляторы (Старые игры)";19
2226;"Авиасимуляторы и авиаигры (Старые игры)";19
2227;"Автосимуляторы и гонки (Старые игры)";19
2228;"IBM PC несовместимые (Старые игры)";19
2385;"Логические игры (Старые игры)";19
2415;"Видеопрохождения игр";19
2478;"Официальные патчи";19
2479;"Официальные моды, плагины, дополнения";19
2480;"Неофициальные моды, плагины, дополнения";19
2481;"Русификаторы";19
2482;"NoCD / NoDVD";19
2483;"Чит-программы и трейнеры";19
2484;"Руководства и прохождения";19
2485;"Бонусные диски к играм";19
2487;"Видео для PSVita";19
2489;"Сетевые игры";19
2533;"Сохранения для игр";19
24;"Развлекательные телепередачи и шоу, приколы и юмор";20
46;"Документальные фильмы и телепередачи";20
56;"[Док] Научно-популярные фильмы";20
97;"[Док] Военное дело";20
98;"[Док] Тайны века / Спецслужбы / Теории Заговоров";20
103;"Документальные (DVD)";20
113;"[Видео Юмор] КВН";20
114;"[Видео Юмор] Сатирики и юмористы";20
115;"[Видео Юмор] Пост КВН";20
137;"[Видео Юмор] Фильмы со смешным переводом (пародии)";20
249;"[Док] BBC";20
251;"[Док] Криминальная документалистика";20
294;"[Видео Религия] Религии Индии, Тибета и Восточной Азии";20
314;"Документальные (HD Video)";20
373;"[Видео Юмор] Хорошие Шутки";20
393;"[Видео Юмор] Музыкальные шоу";20
500;"[Док] National Geographic";20
532;"[Видео Юмор] Украинские Шоу";20
552;"[Док] Discovery";20
670;"Вера и религия";20
671;"[Док] Биографии. Личности и кумиры";20
672;"[Док] Всё о доме, быте и дизайне";20
752;"[Док] Русские сенсации / Программа Максимум / Профессия репортёр";20
821;"[Док] Авиация";20
827;"[Видео Юмор] Танцевальные шоу, концерты, выступления";20
851;"[Док] Вторая мировая война";20
876;"[Док] Путешествия и туризм";20
882;"[Видео Юмор] Кривое Зеркало / Городок / В Городке";20
939;"[Видео Юмор] Реалити и ток-шоу / номинации / показы";20
979;"Путешествия и туризм (HD Video)";20
1114;"[Док] Паранормальные явления";20
1186;"[Видео Юмор] Вечерний Квартал";20
1278;"Биографии. Личности и кумиры";20
1280;"[Док] Битва экстрасенсов / Теория невероятности / Искатели / Галилео";20
1281;"Военное дело (HD Video)";20
1327;"[Док] История: Новое и Новейшее время";20
1332;"Юмористические аудиопередачи";20
1453;"[Видео Религия] Культы и новые религиозные движения";20
1467;"[Док] Информационно-аналитические и общественно-политические передачи";20
1468;"[Док] Эпоха СССР";20
1469;"[Док] Архитектура и строительство";20
1475;"[Видео Религия] Христианство";20
1481;"[Видео Юмор] Детские телешоу";20
1482;"[Видео Юмор] Ледовые шоу";20
1484;"[Видео Юмор] Цирк";20
1485;"[Видео Юмор] Школа злословия";20
1495;"Аудио и видео ролики (Приколы и юмор)";20
1569;"[Видео Юмор] Званый ужин";20
1959;"[Видео Юмор] Интеллектуальные игры и викторины";20
2076;"[Док] Космос";20
2107;"[Видео Религия] Ислам";20
2110;"Естествознание, наука и техника (HD Video)";20
2112;"[Док] История: Древний мир / Античность / Средневековье";20
2123;"[Док] Флора и фауна";20
2159;"[Док] Музыка";20
2160;"[Док] Внежанровая документалистика";20
2163;"Криминальная документалистика (HD Video)";20
2164;"BBC, Discovery, National Geographic (HD Video)";20
2166;"История (HD Video)";20
2168;"[Док] Альтернативная история и наука";20
2169;"Флора и фауна (HD Video)";20
2176;"[Док] Разное / некондиция";20
2177;"[Док] Кинематограф и мультипликация";20
2178;"[Док] Аварии / Катастрофы / Катаклизмы";20
2323;"Информационно-аналитические и общественно-политические (HD Video)";20
2380;"[Док] Социальные ток-шоу";20
2537;"[Видео Юмор] Stand-up comedy";20
2538;"[Док] Искусство, история искусств";20
722;"Отечественный Рок";22
731;"Сборники зарубежного рока (lossless)";22
737;"Рок, Панк, Альтернатива (lossless)";22
738;"Рок, Панк, Альтернатива (lossy)";22
739;"Металл (lossless)";22
740;"Металл (lossy)";22
798;"Folk, Pagan, Viking (lossy)";22
951;"Рок на языках народов xUSSR (lossless)";22
952;"Рок на языках народов xUSSR (lossy)";22
1698;"Зарубежный Rock";22
1702;"Classic Rock & Hard Rock (lossless)";22
1703;"Classic Rock & Hard Rock (lossy)";22
1704;"Progressive & Art-Rock (lossless)";22
1705;"Progressive & Art-Rock (lossy)";22
1706;"Folk-Rock (lossless)";22
1707;"Folk-Rock (lossy)";22
1708;"Pop-Rock & Soft Rock (lossless)";22
1709;"Pop-Rock & Soft Rock (lossy)";22
1710;"Instrumental Guitar Rock (lossless)";22
1711;"Instrumental Guitar Rock (lossy)";22
1712;"Rockabilly, Psychobilly, Rock'n'Roll (lossless)";22
1713;"Rockabilly, Psychobilly, Rock'n'Roll (lossy)";22
1714;"Восточноазиатский рок (lossless)";22
1715;"Восточноазиатский рок (lossy)";22
1719;"Black (lossless)";22
1720;"Folk, Pagan, Viking (lossless)";22
1724;"Gothic Metal (lossless)";22
1725;"Gothic Metal (lossy)";22
1726;"Heavy, Power, Progressive (lossless)";22
1727;"Heavy, Power, Progressive (lossy)";22
1728;"Thrash, Speed (lossless)";22
1729;"Thrash, Speed (lossy)";22
1730;"Grind, Brutal Death (lossless)";22
1731;"Grind, Brutal Death (lossy)";22
1732;"Зарубежные Alternative, Punk, Independent";22
1736;"Alternative & Nu-metal (lossless)";22
1737;"Alternative & Nu-metal (lossy)";22
1738;"Punk (lossless)";22
1739;"Punk (lossy)";22
1740;"Hardcore (lossless)";22
1741;"Hardcore (lossy)";22
1742;"Indie, Post-Rock & Post-Punk (lossless)";22
1743;"Indie, Post-Rock & Post-Punk (lossy)";22
1744;"Industrial & Post-industrial (lossless)";22
1745;"Industrial & Post-industrial (lossy)";22
1746;"Emocore, Post-hardcore, Metalcore (lossless)";22
1747;"Emocore, Post-hardcore, Metalcore (lossy)";22
1748;"Gothic Rock & Dark Folk (lossless)";22
1749;"Gothic Rock & Dark Folk (lossy)";22
1778;"Black (lossy)";22
1779;"Death, Doom (lossless)";22
1780;"Death, Doom (lossy)";22
1781;"Видео, DVD Video, HD Video (Рок-музыка)";22
1782;"Rock (Видео)";22
1783;"Rock (DVD Video)";22
1787;"Metal (Видео)";22
1788;"Metal (DVD Video)";22
1789;"Alternative, Punk, Independent (Видео)";22
1790;"Alternative, Punk, Independent (DVD Video)";22
1791;"Отечественный Рок, Панк, Альтернатива (Видео)";22
1792;"Отечественный Рок, Панк, Альтернатива (DVD Video)";22
1793;"Отечественный Металл (Видео)";22
1794;"Отечественный Металл (DVD Video)";22
1795;"Рок-музыка (HD Video)";22
1796;"Avant-garde, Experimental Metal (lossless)";22
1797;"Avant-garde, Experimental Metal (lossy)";22
1799;"Сборники зарубежного рока (lossy)";22
1815;"Sludge, Stoner, Post-Metal (lossless)";22
1816;"Sludge, Stoner, Post-Metal (lossy)";22
2174;"Avant-garde, Experimental Rock (lossy)";22
2175;"Avant-garde, Experimental Rock (lossless)";22
2230;"Сборники (lossless)";22
2231;"Сборники (lossy)";22
2261;"Rock (Неофициальные DVD Video)";22
2262;"Metal (Неофициальные DVD Video)";22
2263;"Alternative, Punk, Independent (Неофициальные DVD Video)";22
2264;"Отечественный Рок, Панк, Альтернатива, Металл (Неофициальные DVD Video)";22
2329;"AOR (Melodic Hard Rock, Arena rock) (lossless)";22
2330;"AOR (Melodic Hard Rock, Arena rock) (lossy)";22
406;"Darkwave, Neoclassical, Ethereal, Dungeon Synth (lossy)";23
454;"Dubstep (lossy)";23
460;"Goa/Psy-Trance, PsyChill и Ambient Dub (Radioshows, Livesets, Mixes) (lossy)";23
797;"Electro, Electro-Freestyle, Nu Electro (lossless)";23
840;"House (Проморелизы, сборники)";23
1648;"Label packs, Scene packs (lossy)";23
1805;"Electro, Electro-Freestyle, Nu Electro (lossy)";23
1807;"House, Techno, Hardcore, Hardstyle, Jumpstyle";23
1808;"Drum & Bass, Jungle, Breakbeat, Dubstep, IDM, Electro";23
1809;"Chillout, Lounge, Downtempo, Trip-Hop";23
1810;"Traditional Electronic, Ambient, Modern Classical, Electroacoustic, Experimental";23
1811;"Industrial, Noise, EBM, Dark Electro, Aggrotech, Synthpop, New Wave";23
1812;"Электронная музыка (Видео, DVD Video, HD Video)";23
1818;"Trance (lossless)";23
1819;"Trance (lossy)";23
1821;"Trance, Goa Trance, Psy-Trance, PsyChill, Ambient, Dub";23
1822;"Goa Trance, Psy-Trance (lossy)";23
1824;"Trance (Radioshows, Podcasts, Live Sets, Mixes) (lossy)";23
1825;"Techno (lossless)";23
1826;"Techno (lossy)";23
1827;"Techno (Radioshows, Podcasts, Livesets, Mixes)";23
1828;"Techno (Singles, EPs) (lossy)";23
1829;"Hardcore, Hardstyle, Jumpstyle (lossless)";23
1830;"Hardcore, Hardstyle, Jumpstyle (lossy)";23
1831;"Hardcore, Hardstyle, Jumpstyle (vinyl, web)";23
1832;"Drum & Bass, Jungle (lossless)";23
1833;"Drum & Bass, Jungle (lossy)";23
1834;"Drum & Bass, Jungle (Radioshows, Podcasts, Livesets, Mixes)";23
1836;"Breakbeat (lossless)";23
1837;"Breakbeat (lossy)";23
1838;"Breakbeat, Dubstep (Radioshows, Podcasts, Livesets, Mixes)";23
1839;"Dubstep (lossless)";23
1840;"IDM (lossless)";23
1841;"IDM (lossy)";23
1842;"Label Packs (lossless)";23
1844;"Goa Trance, Psy-Trance (lossless)";23
1847;"Trance (Singles, EPs) (lossy)";23
1857;"House (lossless)";23
1858;"House (lossy)";23
1859;"House (Radioshow, Podcast, Liveset, Mixes)";23
1860;"House (Singles, EPs) (lossy)";23
1861;"Chillout, Lounge, Downtempo (lossless)";23
1862;"Chillout, Lounge, Downtempo (lossy)";23
1864;"Traditional Electronic, Ambient (lossless)";23
1865;"Traditional Electronic, Ambient (lossy)";23
1866;"Darkwave, Neoclassical, Ethereal, Dungeon Synth (lossless)";23
1867;"Modern Classical, Electroacoustic (lossy)";23
1868;"EBM, Dark Electro, Aggrotech (lossless)";23
1869;"Experimental (lossless)";23
1871;"Modern Classical, Electroacoustic (lossless)";23
1873;"Experimental (lossy)";23
1875;"EBM, Dark Electro, Aggrotech (lossy)";23
1877;"Industrial, Noise (lossless)";23
1878;"Industrial, Noise (lossy)";23
1880;"Synthpop, New Wave (lossless)";23
1881;"Synthpop, New Wave (lossy)";23
1883;"Архив (Industrial, Noise, EBM, Dark Electro, Aggrotech, Synthpop, New Wave)";23
1886;"Электронная музыка (Официальные DVD Video)";23
1887;"Электронная музыка  (Неофициальные, любительские DVD Video)";23
1894;"PsyChill, Ambient Dub (lossless)";23
1895;"PsyChill, Ambient Dub (lossy)";23
1907;"8-bit, Chiptune (lossy & lossless)";23
1912;"Электронная музыка (Видео)";23
1913;"Электронная музыка (HD Video)";23
1944;"Trip Hop, Abstract Hip-Hop (lossy)";23
1945;"Trip Hop, Abstract Hip-Hop (lossless)";23
1946;"Nu Jazz, Acid Jazz, Future Jazz (lossy)";23
1947;"Nu Jazz, Acid Jazz, Future Jazz (lossless)";23
2229;"IDM Discography & Collections (lossy)";23
334;"Водный транспорт";24
1202;"Фильмы и передачи по авто/мото";24
1203;"Мультимедийки по ремонту/обслуживанию/эксплуатации ТС";24
1964;"Ремонт и эксплуатация транспортных средств";24
1970;"Журналы по авто/мото";24
1973;"Оригинальные каталоги по подбору запчастей";24
1974;"Неоригинальные каталоги по подбору запчастей";24
1975;"Программы по диагностике и ремонту";24
1976;"Тюнинг, чиптюнинг, настройка";24
1977;"Книги по ремонту/обслуживанию/эксплуатации ТС";24
1978;"Учет, утилиты и прочее";24
1979;"Виртуальная автошкола";24
1980;"Видеоуроки по вождению транспортных средств";24
1981;"Видеоуроки по ремонту транспортных средств";24
1982;"Развлекательные передачи";24
1983;"Тест драйв/Обзоры/Автосалоны";24
1984;"Тюнинг/форсаж";24
1985;"Документальные/познавательные фильмы";24
2151;"Top Gear/Топ Гир";24
21;"Книги";25
31;"Журналы и газеты (общий раздел)";25
39;"Разное (книги)";25
295;"Химия / биохимия";25
565;"Моделизм";25
669;"Автоспорт. Мотоспорт. Велоспорт";25
745;"Учебная литература для детского сада и начальной школы (до 4 класса)";25
753;"Вязание";25
754;"Многопредметные коллекции (подборки)";25
764;"Бизнес, менеджмент";25
765;"Рисунок, графический дизайн";25
767;"Психология";25
768;"Военное дело";25
769;"Прочие хобби";25
770;"Нефтяная, газовая и химическая промышленность";25
862;"Комиксы";25
995;"Философия";25
1101;"Для детей, родителей и учителей";25
1238;"Библиотеки (зеркала сетевых библиотек/коллекций)";25
1325;"Электроника / Радио";25
1349;"Методология и философия истории";25
1353;"Досуг и творчество";25
1400;"Воспитание и развитие";25
1410;"Другие виды декоративно-прикладного искусства";25
1411;"Сканирование, обработка сканов";25
1412;"Коллекционирование и вспомогательные ист. дисциплины";25
1415;"Худ. лит-ра для дошкольников и младших классов";25
1418;"Компьютерная литература";25
1422;"Программы от Microsoft";25
1423;"Другие программы";25
1424;"Mac OS; Linux, FreeBSD и прочие *NIX";25
1425;"Веб-дизайн и программирование";25
1426;"Программирование (книги)";25
1427;"Эзотерика, гадания, магия, фен-шуй";25
1428;"Графика, обработка видео";25
1429;"Сети / VoIP";25
1430;"Хакинг и безопасность";25
1431;"Железо (книги о ПК)";25
1432;"Компьютерные журналы и приложения к ним";25
1433;"Инженерные и научные программы (книги)";25
1436;"Экстрим (книги)";25
1445;"СУБД";25
1446;"Вышивание";25
1447;"Военная техника";25
1477;"Легкая атлетика. Плавание. Гимнастика. Тяжелая атлетика. Гребля";25
1520;"Деревообработка";25
1523;"Приусадебное хозяйство / Цветоводство";25
1528;"Нормативная документация";25
1575;"Ремонт, частное строительство, дизайн интерьеров";25
1680;"Гуманитарные науки";25
1681;"Альтернативные исторические теории";25
1683;"Средние века";25
1684;"Искусствоведение. Культурология";25
1685;"Маркетинг";25
1686;"Вера и религия";25
1687;"Юридические науки. Право. Криминалистика";25
1688;"Экономика";25
1689;"Учебная литература для старших классов (5-11 класс)";25
1696;"Популярная психология";25
1801;"Международные отношения. Дипломатия";25
1802;"Спорт, физическая культура, боевые искусства";25
1961;"Кулинария (книги)";25
1967;"Исторические источники";25
2019;"Фото и видеосъемка";25
2020;"Исторические науки";25
2021;"Военная история";25
2022;"Политология";25
2023;"Точные, естественные и инженерные науки";25
2024;"Авиация / космонавтика";25
2026;"Физика";25
2027;"Биология / экология";25
2028;"Математика";25
2029;"География / Геология / Геодезия";25
2030;"Машиностроение";25
2031;"Архитектура / строительство / инженерные сети";25
2032;"Журналы: научные, научно-популярные, радио и др.";25
2033;"Коллекционирование, увлечения и хобби";25
2034;"Домашние питомцы и аквариумистика";25
2037;"Шитье, пэчворк";25
2038;"Художественная литература";25
2039;"Женский роман";25
2041;"Зарубежная литература (XX и XXI век)";25
2042;"Зарубежная литература (до 1900 г.)";25
2043;"Русская литература";25
2044;"Детектив, боевик";25
2045;"Отечественная фантастика / фэнтези / мистика";25
2046;"Худ. лит-ра для средних и старших классов";25
2047;"Приключения";25
2048;"Коллекции книг и библиотеки";25
2049;"Исторические персоны";25
2054;"Энергетика / электротехника";25
2055;"Тематические коллекции (подборки)";25
2056;"Боевые искусства, единоборства";25
2080;"Зарубежная фантастика / фэнтези / мистика";25
2099;"Милитария";25
2114;"Мультимедийные и интерактивные издания";25
2157;"Кино, театр, ТВ, мультипликация";25
2189;"Футбол";25
2190;"Хоккей";25
2191;"Физкультура, фитнес, бодибилдинг";25
2192;"Астрономия";25
2193;"Литературные журналы";25
2194;"Бисероплетение. Ювелирика. Украшения из проволоки.";25
2195;"Красота. Уход. Домоводство";25
2196;"Шахматы. Шашки";25
2202;"Дисковые приложения к игровым журналам";25
2215;"Христианство";25
2216;"Ислам";25
2217;"Религии Индии, Тибета и Восточной Азии / Иудаизм";25
2218;"Нетрадиционные религиозные, духовные и мистические учения";25
2223;"Путешествия и туризм";25
2224;"Кружевоплетение";25
2252;"Религиоведение. История Религии. Атеизм";25
2253;"Сексология. Взаимоотношения полов";25
2254;"Металлургия / материаловедение";25
2319;"Археология";25
2320;"Этнография, антропология";25
2336;"Учителям и педагогам";25
2337;"Научно-популярная и познавательная литература (для детей)";25
2375;"Публицистика, журналистика";25
2376;"Механика, сопротивление материалов";25
2386;"Схемы и сервис-мануалы (оригинальная документация)";25
2418;"Бумажный арт";25
2422;"Астрология";25
2424;"Настольные игры";25
2427;"История Европы";25
2432;"Кулинария (газеты и журналы)";25
2433;"Охота и рыбалка";25
2434;"Древний мир. Античность";25
2435;"История России";25
2436;"Эпоха СССР";25
2437;"История Второй мировой войны";25
2438;"Мультимедийные энциклопедии";25
2439;"Интерактивные обучающие и развивающие материалы";25
2440;"Обучающие издания для детей";25
2441;"Кулинария. Цветоводство. Домоводство";25
2442;"Культура. Искусство. История";25
2443;"Игровые виды спорта";25
2444;"История Нового и Новейшего времени";25
2445;"История Америки, Австралии, Океании";25
2446;"Фольклор. Эпос. Мифология";25
2447;"Знаменитости и кумиры";25
2452;"История Азии и Африки";25
2453;"История стран бывшего СССР";25
2461;"Комиксы на русском языке";25
2462;"Комиксы издательства Marvel";25
2463;"Комиксы издательства DC";25
2464;"Комиксы других издательств";25
2465;"Манга (на иностранных языках)";25
2468;"Стрелковое оружие";25
2469;"Учебно-методическая литература";25
2470;"Спецслужбы мира";25
2471;"Социология";25
2472;"Финансы";25
2473;"Комиксы на других языках";25
2476;"Сельское хозяйство и пищевая промышленность";25
2477;"Спортивная пресса";25
2494;"Железнодорожное дело";25
2515;"Общая и прикладная психология";25
2516;"Психотерапия и консультирование";25
2517;"Психодиагностика и психокоррекция";25
2518;"Социальная психология и психология отношений";25
2519;"Тренинг и коучинг";25
2520;"Саморазвитие и самосовершенствование";25
2521;"Мода. Стиль. Этикет";25
2524;"Литературоведение";25
2525;"Лингвистика";25
2526;"Сварка / Пайка / Неразрушающий контроль";25
2527;"Автоматизация / Робототехника";25
315;"Сериалы HD для Apple TV";26
537;"Игры Mac OS";26
863;"Мультфильмы для iPod, iPhone, iPad";26
864;"Сериалы для iPod, iPhone, iPad";26
1003;"Игры для iOS";26
1363;"Мультфильмы HD для Apple TV";26
1366;"Apple Macintosh";26
1368;"Mac OS (для Macintosh)";26
1370;"Программы для создания и обработки графики (Mac OS)";26
1371;"Программы для интернета и сетей (Mac OS)";26
1372;"Аудио редакторы и конверторы (Mac OS)";26
1373;"Системные программы (Mac OS)";26
1374;"Другие программы (Mac OS)";26
1375;"Офисные программы (Mac OS)";26
1383;"Mac OS (для РС-Хакинтош)";26
1394;"Программы для просмотра и обработки видео (Mac OS)";26
1908;"Фильмы для iPod, iPhone, iPad";26
1909;"Аудиокниги (AAC, ALAC)";26
1927;"Музыка Lossless (ALAC)";26
1933;"iOS";26
1935;"Программы для iOS";26
1936;"Фильмы HD для Apple TV";26
1937;"Разное для iOS";26
2082;"Документальное видео HD для Apple TV";26
2235;"Видео";26
2236;"Аудио";26
2237;"Плагины для программ компании Adobe (Mac OS)";26
2238;"Видео HD";26
2240;"Музыка Lossy (AAC-iTunes)";26
2241;"Музыкальное видео HD для Apple TV";26
2244;"Музыка Lossy (AAC) (Singles, EPs)";26
2245;"iOS";26
2246;"Аудио и Видео";26
2248;"Музыка Lossy (AAC)";26
2534;"Музыкальное видео для iPod, iPhone, iPad";26
2535;"Аниме для iPod, iPhone, iPad";26
1350;"Аудиокниги по медицине";27
2125;"Книги, журналы и программы";27
2126;"Видеоуроки, док. фильмы и телепередачи по медицине";27
2129;"Медико-биологические науки";27
2130;"Клиническая медицина с 1980 по 2000 г.";27
2131;"Ветеринария, разное";27
2132;"Нетрадиционная, народная медицина и популярные книги о здоровье";27
2133;"Клиническая медицина до 1980 г.";27
2134;"Медицинский софт";27
2135;"Медицина и стоматология";27
2136;"Массаж";27
2138;"Здоровье";27
2139;"Документальные фильмы и телепередачи по медицине";27
2140;"Психотерапия и клиническая психология";27
2141;"Фармация и фармакология";27
2313;"Клиническая медицина после 2000 г.";27
2314;"Популярная медицинская периодика (газеты и журналы)";27
2315;"Тематические коллекции книг";27
2528;"Научная медицинская периодика (газеты и журналы)";27
126;"Документальные фильмы и аналитика";28
255;"Спортивные турниры, фильмы и передачи";28
256;"Автоспорт";28
257;"Смешанные единоборства и K-1";28
259;"НХЛ (с 2013)";28
260;"Экстрим";28
262;"Велоспорт";28
263;"Регби";28
283;"NBA / NCAA (2000-2010 гг.)";28
342;"Спортивные RG";28
343;"Professional Wrestling";28
486;"Зимние виды спорта";28
528;"Лёгкая атлетика/Водные виды спорта";28
550;"Теннис";28
626;"Формула 1";28
660;"Формула-1 2016";28
751;"Обзорные и аналитические передачи";28
845;"Рестлинг";28
854;"Фигурное катание";28
875;"Американский футбол";28
978;"Бильярд";28
1188;"Бодибилдинг/Силовые виды спорта";28
1287;"Покер";28
1319;"Спорт (видео)";28
1323;"Documentary Wrestling";28
1326;"Волейбол/Гандбол";28
1343;"Обзорные и аналитические передачи 2014-2017";28
1464;"Чемпионат Европы 2016 (финальная часть)";28
1470;"Гимнастика/Соревнования по танцам";28
1491;"Еврокубки 2015-2016";28
1527;"International Wrestling";28
1551;"Формула-1 2012-2015";28
1608;"Футбол";28
1610;"Чемпионат Европы 2016";28
1613;"Россия/СССР";28
1614;"Англия";28
1615;"Италия";28
1616;"Другие национальные чемпионаты и кубки";28
1617;"Еврокубки";28
1620;"Чемпионаты Европы";28
1621;"Чемпионаты Мира";28
1623;"Испания";28
1630;"Германия";28
1667;"Бокс";28
1668;"Чемпионат Мира 2018";28
1675;"Классические единоборства";28
1697;"Мини-футбол/Пляжный футбол";28
1952;"Россия 2016-2017";28
1986;"Мотоспорт";28
1987;"Еврокубки 2011-2015";28
1997;"NBA / NCAA (2010-2017 гг.)";28
1998;"Товарищеские турниры и матчи";28
2001;"Международные соревнования";28
2002;"NBA / NCAA (до 2000 г.)";28
2003;"Европейский клубный баскетбол";28
2004;"Баскетбол";28
2005;"НХЛ (до 2011/12)";28
2006;"Международные турниры";28
2007;"KXЛ";28
2008;"СССР - Канада";28
2009;"Хоккей";28
2010;"Хоккей с мячом / Бенди";28
2014;"Международные турниры";28
2069;"Oldschool Wrestling";28
2073;"Бейсбол";28
2075;"Россия 2015-2016";28
2079;"Биатлон";28
2111;"Independent Wrestling";28
2124;"Бадминтон/Настольный теннис";28
2171;"Еврокубки 2014-2015";28
2425;"Франция";28
2514;"Украина";28
285;"Игры, приложения и пр. для мобильных устройств";29
286;"Видео для мобильных (3GP)";29
287;"Видео для смартфонов и КПК";29
288;"Софт для работы с телефоном";29
289;"Приложения для Symbian";29
290;"Приложения для Windows Mobile, Palm OS, BlackBerry и пр.";29
291;"Обои и темы";29
292;"Прошивки для телефонов";29
296;"Архив (Мобильные устройства)";29
957;"Видео для мобильных устройств";29
1001;"Игры для Java";29
1002;"Игры для Windows Mobile, Palm OS, BlackBerry и пр.";29
1004;"Игры для Symbian";29
1005;"Приложения для Java";29
2149;"Игры для Android OS";29
2154;"Приложения для Android OS";29
2419;"Приложения для Windows Phone 7,8";29
2420;"Игры для Windows Phone 7,8";29
2266;"Курилка (общение на джазовые и блюзовые темы)";31
2267;"Зарубежный джаз";31
2268;"Зарубежный блюз";31
2269;"Отечественный джаз и блюз";31
2271;"Видео, DVD Video, HD Video (Джаз и блюз)";31
2277;"Early Jazz, Swing, Gypsy (lossless)";31
2278;"Bop (lossless)";31
2279;"Mainstream Jazz, Cool (lossless)";31
2280;"Jazz Fusion (lossless)";31
2281;"World Fusion, Ethnic Jazz (lossless)";31
2282;"Avant-Garde Jazz, Free Improvisation (lossless)";31
2283;"Funk, Soul, R&B (lossless)";31
2284;"Smooth, Jazz-Pop (lossless)";31
2285;"Vocal Jazz (lossless)";31
2286;"Сборники зарубежного джаза (lossless)";31
2287;"Зарубежный джаз (lossy)";31
2288;"Зарубежный блюз (lossy)";31
2289;"Зарубежный блюз (сборники; Tribute VA) (lossless)";31
2290;"Roots, Pre-War Blues, Early R&B, Gospel (lossless)";31
2292;"Blues-rock (lossless)";31
2293;"Blues (Texas, Chicago, Modern and Others) (lossless)";31
2295;"Отечественный джаз (lossy)";31
2296;"Отечественный блюз (lossless)";31
2297;"Отечественный джаз (lossless)";31
2298;"Отечественный блюз (lossy)";31
2304;"Джаз и Блюз (DVD Видео)";31
2305;"Джаз и Блюз (Видео)";31
2306;"Джаз и Блюз (HD Video)";31
2353;"Modern Creative, Third Stream (lossless)";31
399;"[Аудио] Зарубежная литература";33
400;"[Аудио] Историческая книга";33
401;"[Аудио] Некондиционные раздачи";33
402;"[Аудио] Русская литература";33
403;"[Аудио] Учебная и научно-популярная литература";33
490;"[Аудио] Детская литература";33
499;"[Аудио] Детективы, приключения, триллеры, боевики";33
530;"[Аудио] Другие традиционные религии";33
574;"[Аудио] Аудиоспектакли и литературные чтения";33
695;"[Аудио] Поэзия";33
716;"[Аудио] Бизнес";33
1036;"[Аудио] Жизнь замечательных людей";33
1279;"[Аудио] lossless-аудиокниги";33
1993;"Исполнители";33
2152;"[Аудио] Нетрадиционные религиозно-философские учения";33
2165;"[Аудио] Разное";33
2167;"Авторы";33
2324;"Религии";33
2325;"[Аудио] Православие";33
2326;"Радиоспектакли, история, мемуары";33
2327;"Художественная литература";33
2328;"Прочая литература";33
2342;"Ислам";33
2348;"[Аудио] Сборники / разное Фантастика, фэнтези, мистика, ужасы, фанфики";33
2387;"[Аудио] Российская фантастика, фэнтези, мистика, ужасы, фанфики";33
2388;"[Аудио] Зарубежная фантастика, фэнтези, мистика, ужасы, фанфики";33
2389;"Фантастика, фэнтези, мистика, ужасы, фанфики";33
525;"Аудиокниги на других иностранных языках";34
734;"Финский язык";34
1264;"Иностранные языки для детей";34
1265;"Английский язык (для взрослых)";34
1266;"Немецкий язык";34
1267;"Французский язык";34
1268;"Другие европейские языки";34
1269;"Китайский язык";34
1270;"Японский язык";34
1271;"Архив (Иностранные языки)";34
1274;"Разное (иностранные языки)";34
1275;"Другие восточные языки";34
1276;"Мультиязычные сборники";34
1358;"Испанский язык";34
1501;"Аудиокниги на английском языке";34
1580;"Аудиокниги на немецком языке";34
1673;"Арабский язык";34
2057;"Художественная литература";34
2094;"LIM-курсы";34
2355;"Художественная литература на английском языке";34
2356;"Художественная литература на других европейских языках";34
2357;"Художественная литература на восточных языках";34
2358;"Английский язык (для детей)";34
2359;"Другие европейские языки (для детей)";34
2360;"Восточные языки (для детей)";34
2361;"Школьные учебники, ЕГЭ";34
2363;"Иностранные языки для взрослых";34
2364;"Русский язык как иностранный";34
2413;"Аудиокниги на иностранных языках";34
2474;"Художественная литература на французском языке";34
239;"Отечественная поп-музыка";35
424;"Отечественная поп-музыка (lossy)";35
425;"Отечественная поп-музыка (lossless)";35
428;"Зарубежная поп-музыка (lossy)";35
429;"Зарубежная поп-музыка (lossless)";35
431;"Зарубежная поп-музыка (Видео)";35
450;"Инструментальная поп-музыка";35
986;"Зарубежная поп-музыка (DVD Video)";35
1121;"Отечественная поп-музыка (Видео)";35
1122;"Отечественная поп-музыка (DVD Video)";35
1219;"Зарубежный шансон (lossy)";35
1330;"Восточноазиатская поп-музыка (lossless)";35
1331;"Восточноазиатская поп-музыка (lossy)";35
1361;"Отечественная поп-музыка (сборники) (lossy)";35
1362;"Зарубежная поп-музыка (сборники) (lossy)";35
1452;"Зарубежный шансон (lossless)";35
1634;"Советская эстрада, Ретро (lossless)";35
1635;"Советская эстрада, Ретро (lossy)";35
2088;"Отечественная поп-музыка (Сборные концерты, док. видео) (Видео и DVD)";35
2089;"Зарубежная поп-музыка (Сборные концерты, док. видео) (Видео и DVD)";35
2378;"Восточноазиатская поп-музыка (Видео)";35
2379;"Восточноазиатская поп-музыка (DVD Video)";35
2383;"Зарубежный шансон (Видео)";35
2384;"Зарубежный шансон (DVD Video)";35
2426;"Отечественная Поп-музыка, Шансон, Eurodance, Disco (HD Video)";35
2495;"Отечественная поп-музыка";35
2497;"Зарубежная поп-музыка";35
2499;"Eurodance, Disco, Hi-NRG";35
2500;"Disco, Italo-Disco, Euro-Disco, Hi-NRG (lossless)";35
2501;"Disco, Italo-Disco, Euro-Disco, Hi-NRG (lossy)";35
2502;"Eurodance, Euro-House, Technopop (lossless)";35
2503;"Eurodance, Euro-House, Technopop (lossy)";35
2504;"Eurodance, Euro-House, Technopop (сборники) (lossy)";35
2505;"Disco, Italo-Disco, Euro-Disco, Hi-NRG (сборники) (lossy)";35
2507;"Видео, DVD Video, HD Video (поп-музыка)";35
2508;"Зарубежная Поп-музыка, Шансон, Eurodance, Disco (HD Video)";35
2509;"Советская эстрада, Ретро (DVD Video)";35
2510;"Советская эстрада, Ретро (видео)";35
2531;"Eurodance, Disco (DVD Video)";35
2532;"Eurodance, Disco (видео)";35
1958;"ОБХОД БЛОКИРОВОК";36
453;"Конверсии Quadraphonic";37
974;"Музыка других жанров";37
1163;"Поп-музыка (многоканальная музыка)";37
1164;"Классика и классика в современной обработке (многоканальная музыка)";37
1170;"Конверсии SACD";37
1217;"Шансон и Авторская песня";37
1397;"Саундтреки (Hi-Res stereo и многоканальная музыка)";37
1444;"Зарубежная поп-музыка";37
1625;"Саундтреки";37
1660;"Классика и классика в современной обработке";37
1754;"Электронная музыка";37
1755;"Рок-музыка (Hi-Res stereo)";37
1756;"Зарубежная рок-музыка";37
1757;"Рок-музыка (многоканальная музыка)";37
1758;"Отечественная рок-музыка";37
1759;"Конверсии Blu-Ray";37
1785;"Для общения пользователей категории";37
1835;"Rap, Hip-Hop, R'n'B, Reggae, Ska, Dub";37
1852;"Апмиксы-Upmixes/Даунмиксы-Downmix";37
1884;"Классика и классика в современной обработке (Hi-Res stereo)";37
1885;"Зарубежная поп-музыка (Hi-Res stereo)";37
1890;"Электронная музыка (многоканальная музыка)";37
1893;"Электронная музыка (Hi-Res stereo)";37
2219;"Оцифровки с аналоговых носителей";37
2301;"Джаз и Блюз";37
2302;"Джаз и Блюз (Hi-Res stereo)";37
2303;"Джаз и Блюз (многоканальная музыка)";37
2512;"Музыка других жанров (Hi-Res stereo и многоканальная музыка)";37
2513;"New Age, Relax, Meditative & Flamenco (Hi-Res stereo и многоканальная музыка)";37
